Plate_ID,Well_ID,Row,Column,Species,Cell_type,Model_type,Time,Unit,Treatment_1,Concentration_1,Unit_1,Sample_type,Barcode,Project
PMMSq033,A01,A,1,human,KL476,3D_co_culture,24,h,DMSO,NA,uM,Vehicle_control,AACAAGGTAC,Trial
PMMSq033,A02,A,2,human,KL476,3D_co_culture,24,h,DMSO,NA,uM,Vehicle_control,AACACCTAGT,Trial
PMMSq033,A03,A,3,human,KL476,3D_co_culture,24,h,DMSO,NA,uM,Vehicle_control,AATCCTACCA,Trial
PMMSq033,A04,A,4,human,KL476,3D_co_culture,24,h,DMSO,NA,uM,Vehicle_control,AATGAACACG,Trial
PMMSq033,A05,A,5,human,KL476,3D_co_culture,24,h,Staurosporine,NA,uM,Positive_control,ACGCCTTCGT,Trial
PMMSq033,A06,A,6,human,KL476,3D_co_culture,24,h,Staurosporine,NA,uM,Positive_control,ACGGTCCGTT,Trial
PMMSq033,A07,A,7,human,KL476,3D_co_culture,24,h,Staurosporine,NA,uM,Positive_control,AGGAGGCATA,Trial
PMMSq033,A08,A,8,human,KL476,3D_co_culture,24,h,Staurosporine,NA,uM,Positive_control,AGGTATCCTC,Trial
PMMSq033,A09,A,9,human,KL476,3D_co_culture,24,h,UTD_Low,NA,uM,Sample,ATGGACCAAC,Trial
PMMSq033,A10,A,10,human,KL476,3D_co_culture,24,h,UTD_Low,NA,uM,Sample,ATGGTGAGCG,Trial
PMMSq033,A11,A,11,human,KL476,3D_co_culture,24,h,UTD_Low,NA,uM,Sample,CCATTCAGCG,Trial
PMMSq033,A12,A,12,human,KL476,3D_co_culture,24,h,UTD_Low,NA,uM,Sample,CCGAACCTAA,Trial
PMMSq033,A13,A,13,human,KL476,3D_co_culture,24,h,UTD_Medium,NA,uM,Sample,CGCTTACTAA,Trial
PMMSq033,A14,A,14,human,KL476,3D_co_culture,24,h,UTD_Medium,NA,uM,Sample,CGGAAGCTGT,Trial
PMMSq033,A15,A,15,human,KL476,3D_co_culture,24,h,UTD_Medium,NA,uM,Sample,CTGTCGCTTC,Trial
PMMSq033,A16,A,16,human,KL476,3D_co_culture,24,h,UTD_Medium,NA,uM,Sample,CTGTGCAACA,Trial
PMMSq033,A17,A,17,human,KL476,3D_co_culture,24,h,UTD_UltraHigh,NA,uM,Sample,GCAATGTAAG,Trial
PMMSq033,A18,A,18,human,KL476,3D_co_culture,24,h,UTD_UltraHigh,NA,uM,Sample,GCACTCGGAA,Trial
PMMSq033,A19,A,19,human,KL476,3D_co_culture,24,h,UTD_UltraHigh,NA,uM,Sample,GGTTATGGCG,Trial
PMMSq033,A20,A,20,human,KL476,3D_co_culture,24,h,UTD_UltraHigh,NA,uM,Sample,GGTTGTGCAA,Trial
PMMSq033,A21,A,21,human,KL476,3D_co_culture,24,h,CART_UltraHigh,NA,uM,Sample,TAGCGAACGC,Trial
PMMSq033,A22,A,22,human,KL476,3D_co_culture,24,h,CART_UltraHigh,NA,uM,Sample,TAGGACGCCT,Trial
PMMSq033,A23,A,23,human,KL476,3D_co_culture,24,h,CART_UltraHigh,NA,uM,Sample,TGAACTAACC,Trial
PMMSq033,A24,A,24,human,KL476,3D_co_culture,24,h,CART_UltraHigh,NA,uM,Sample,TGAAGATCCA,Trial
PMMSq033,B01,B,1,human,KL476,3D_co_culture,24,h,CART_Low,NA,uM,Sample,AACAATCAGG,Trial
PMMSq033,B02,B,2,human,MCF10A,2D-adherent,24,h,Staurosporine,10,uM,Positive_control,AACAGGCAAT,Current
PMMSq033,B03,B,3,human,MCF10A,2D-adherent,24,h,SN01004236,10,uM,Sample,AATCGTCCGC,Current
PMMSq033,B04,B,4,human,MCF10A,2D-adherent,24,h,SN02370728,0.1,uM,Sample,AATGACCTTC,Current
PMMSq033,B05,B,5,human,MCF10A,2D-adherent,24,h,SN01004236,0.1,uM,Sample,ACGCTGGATA,Current
PMMSq033,B06,B,6,human,MCF10A,2D-adherent,24,h,SN02373400,1,uM,Sample,ACGTAGGCAC,Current
PMMSq033,B07,B,7,human,MCF10A,2D-adherent,24,h,SN01004734,1,uM,Sample,AGGCGTCTGT,Current
PMMSq033,B08,B,8,human,MCF10A,2D-adherent,24,h,SN02373365,10,uM,Sample,AGGTCACCAA,Current
PMMSq033,B09,B,9,human,MCF10A,2D-adherent,24,h,SN01731137,10,uM,Sample,ATGGTCTTAG,Current
PMMSq033,B10,B,10,human,MCF10A,2D-adherent,24,h,SN02373365,0.1,uM,Sample,ATGTGGAAGC,Current
PMMSq033,B11,B,11,human,MCF10A,2D-adherent,24,h,SN01731137,0.1,uM,Sample,CCGAACAAGC,Current
PMMSq033,B12,B,12,human,MCF10A,2D-adherent,24,h,Staurosporine,0.1,uM,Positive_control,CCGAAGACCT,Current
PMMSq033,B13,B,13,human,MCF10A,2D-adherent,24,h,DMSO,0,uM,Vehicle_control,CGCTTCTTGG,Current
PMMSq033,B14,B,14,human,MCF10A,2D-adherent,24,h,SN02370314,0.1,uM,Sample,CGGAATACAC,Current
PMMSq033,B15,B,15,human,MCF10A,2D-adherent,24,h,SN01004569,10,uM,Sample,CTGTCTGTGT,Current
PMMSq033,B16,B,16,human,MCF10A,2D-adherent,24,h,SN02371010,1,uM,Sample,CTTATGTTGC,Current
PMMSq033,B17,B,17,human,MCF10A,2D-adherent,24,h,SN01004569,0.1,uM,Sample,GCACACTATA,Current
PMMSq033,B18,B,18,human,MCF10A,2D-adherent,24,h,SN02375077,10,uM,Sample,GCACTGCGTT,Current
PMMSq033,B19,B,19,human,MCF10A,2D-adherent,24,h,SN01005979,1,uM,Sample,GGTTCACTGG,Current
PMMSq033,B20,B,20,human,MCF10A,2D-adherent,24,h,SN02375077,0.1,uM,Sample,GTAACCAGTA,Current
PMMSq033,B21,B,21,human,MCF10A,2D-adherent,24,h,SN02369800,10,uM,Sample,TAGCGCCAAC,Current
PMMSq033,B22,B,22,human,MCF10A,2D-adherent,24,h,Media,0,uM,Vehicle_control,TAGGTTGCAA,Current
PMMSq033,B23,B,23,human,MCF10A,2D-adherent,24,h,SN02369800,0.1,uM,Sample,TGAAGAAGGT,Current
PMMSq033,B24,B,24,human,CART,suspension,24,h,CART_Low,NA,uM,Sample,TGACCTGAGA,Trial
PMMSq033,C01,C,1,human,KL476,3D_co_culture,24,h,CART_Low,NA,uM,Sample,AACATGGAGA,Trial
PMMSq033,C02,C,2,human,MCF10A,2D-adherent,24,h,DMSO,0,uM,Vehicle_control,AACCAGCCAG,Current
PMMSq033,C03,C,3,human,MCF10A,2D-adherent,24,h,SN01004569,10,uM,Sample,AATGAGAGCA,Current
PMMSq033,C04,C,4,human,MCF10A,2D-adherent,24,h,SN02370314,1,uM,Sample,AATTAGGCCG,Current
PMMSq033,C05,C,5,human,MCF10A,2D-adherent,24,h,SN01004569,0.1,uM,Sample,ACGTGCTGAT,Current
PMMSq033,C06,C,6,human,MCF10A,2D-adherent,24,h,SN02371010,10,uM,Sample,ACTGGCGCAT,Current
PMMSq033,C07,C,7,human,MCF10A,2D-adherent,24,h,SN01005979,1,uM,Sample,AGTAACTCAC,Current
PMMSq033,C08,C,8,human,MCF10A,2D-adherent,24,h,SN02371010,0.1,uM,Sample,AGTCCACGTA,Current
PMMSq033,C09,C,9,human,MCF10A,2D-adherent,24,h,SN02369800,10,uM,Sample,ATTATCGGAC,Current
PMMSq033,C10,C,10,human,MCF10A,2D-adherent,24,h,SN02375077,1,uM,Sample,CAACAATCCA,Current
PMMSq033,C11,C,11,human,MCF10A,2D-adherent,24,h,SN02369800,0.1,uM,Sample,CCGAATAGTG,Current
PMMSq033,C12,C,12,human,MCF10A,2D-adherent,24,h,Thapsigargin,10,uM,Sample,CCGATCCACT,Current
PMMSq033,C13,C,13,human,MCF10A,2D-adherent,24,h,Staurosporine,1,uM,Positive_control,CGGAGATTGG,Current
PMMSq033,C14,C,14,human,MCF10A,2D-adherent,24,h,SN01004236,10,uM,Sample,CGGATCGGTA,Current
PMMSq033,C15,C,15,human,MCF10A,2D-adherent,24,h,SN02370728,0.1,uM,Sample,CTTCATATCG,Current
PMMSq033,C16,C,16,human,MCF10A,2D-adherent,24,h,SN01004236,0.1,uM,Sample,CTTGGATCTT,Current
PMMSq033,C17,C,17,human,MCF10A,2D-adherent,24,h,SN02373400,1,uM,Sample,GCACTTAATC,Current
PMMSq033,C18,C,18,human,MCF10A,2D-adherent,24,h,SN01004734,1,uM,Sample,GCAGTACTGG,Current
PMMSq033,C19,C,19,human,MCF10A,2D-adherent,24,h,SN02373365,10,uM,Sample,GTAACCTTGG,Current
PMMSq033,C20,C,20,human,MCF10A,2D-adherent,24,h,SN01731137,10,uM,Sample,GTAAGGCTCC,Current
PMMSq033,C21,C,21,human,MCF10A,2D-adherent,24,h,SN02373365,0.1,uM,Sample,TAGTAGTCTC,Current
PMMSq033,C22,C,22,human,MCF10A,2D-adherent,24,h,SN01731137,0.1,uM,Sample,TAGTGGAACT,Current
PMMSq033,C23,C,23,human,MCF10A,2D-adherent,24,h,Media,0,uM,Vehicle_control,TGAGCGTTCC,Current
PMMSq033,C24,C,24,human,CART,suspension,24,h,CART_Low,NA,uM,Sample,TGCGCTCATT,Trial
PMMSq033,D01,D,1,human,KL476,3D_co_culture,24,h,CART_Low,NA,uM,Sample,AACATTACCG,Trial
PMMSq033,D02,D,2,human,MCF10A,2D-adherent,24,h,DMSO,0,uM,Vehicle_control,AACCAGTTGA,Current
PMMSq033,D03,D,3,human,MCF10A,2D-adherent,24,h,SN01004236,10,uM,Sample,AATGTCAGTG,Current
PMMSq033,D04,D,4,human,MCF10A,2D-adherent,24,h,SN02370733,0.1,uM,Sample,AATTGCGATG,Current
PMMSq033,D05,D,5,human,MCF10A,2D-adherent,24,h,SN01004236,0.1,uM,Sample,ACTCCAAGCC,Current
PMMSq033,D06,D,6,human,MCF10A,2D-adherent,24,h,SN02373723,1,uM,Sample,ACTGGCTTCC,Current
PMMSq033,D07,D,7,human,MCF10A,2D-adherent,24,h,SN01004734,1,uM,Sample,AGTAAGCGTT,Current
PMMSq033,D08,D,8,human,MCF10A,2D-adherent,24,h,SN02370003,10,uM,Sample,AGTCTCGGCA,Current
PMMSq033,D09,D,9,human,MCF10A,2D-adherent,24,h,SN01731137,10,uM,Sample,ATTCGGAACA,Current
PMMSq033,D10,D,10,human,MCF10A,2D-adherent,24,h,SN02370003,0.1,uM,Sample,CAAGAAGCAT,Current
PMMSq033,D11,D,11,human,MCF10A,2D-adherent,24,h,SN01731137,0.1,uM,Sample,CCGACTTCTC,Current
PMMSq033,D12,D,12,human,MCF10A,2D-adherent,24,h,Thapsigargin,1,uM,Sample,CCGATGATAC,Current
PMMSq033,D13,D,13,human,MCF10A,2D-adherent,24,h,DMSO,0,uM,Vehicle_control,CGGAGCTCAA,Current
PMMSq033,D14,D,14,human,MCF10A,2D-adherent,24,h,SN02370314,0.1,uM,Sample,CGGATTCTAG,Current
PMMSq033,D15,D,15,human,MCF10A,2D-adherent,24,h,SN01004614,10,uM,Sample,CTTGCTGACG,Current
PMMSq033,D16,D,16,human,MCF10A,2D-adherent,24,h,SN02371010,1,uM,Sample,GAAGAGTTCT,Current
PMMSq033,D17,D,17,human,MCF10A,2D-adherent,24,h,SN01004614,0.1,uM,Sample,GCAGGAGATG,Current
PMMSq033,D18,D,18,human,MCF10A,2D-adherent,24,h,SN02375077,10,uM,Sample,GCATATGAGT,Current
PMMSq033,D19,D,19,human,MCF10A,2D-adherent,24,h,SN01731107,1,uM,Sample,GTAAGAACCT,Current
PMMSq033,D20,D,20,human,MCF10A,2D-adherent,24,h,SN02375077,0.1,uM,Sample,GTAATCCACG,Current
PMMSq033,D21,D,21,human,MCF10A,2D-adherent,24,h,SN02369838,10,uM,Sample,TAGTCCGCTG,Current
PMMSq033,D22,D,22,human,MCF10A,2D-adherent,24,h,Media,0,uM,Vehicle_control,TATCATGCAG,Current
PMMSq033,D23,D,23,human,MCF10A,2D-adherent,24,h,SN02369838,0.1,uM,Sample,TGAGTACGTA,Current
PMMSq033,D24,D,24,human,CART,suspension,24,h,CART_Low,NA,uM,Sample,TGCGTGCTCA,Trial
PMMSq033,E01,E,1,human,KL476,3D_co_culture,24,h,CART_Low,NA,uM,Sample,AACCGCGACT,Trial
PMMSq033,E02,E,2,human,MCF10A,2D-adherent,24,h,Media,0,uM,Vehicle_control,AACCGGCGTA,Current
PMMSq033,E03,E,3,human,MCF10A,2D-adherent,24,h,SN01004614,10,uM,Sample,ACAACAGTCG,Current
PMMSq033,E04,E,4,human,MCF10A,2D-adherent,24,h,SN02370554,1,uM,Sample,ACAACGGAGC,Current
PMMSq033,E05,E,5,human,MCF10A,2D-adherent,24,h,SN01004614,0.1,uM,Sample,ACTTAACTGC,Current
PMMSq033,E06,E,6,human,MCF10A,2D-adherent,24,h,SN02373395,10,uM,Sample,ACTTCGTTGA,Current
PMMSq033,E07,E,7,human,MCF10A,2D-adherent,24,h,SN01731107,1,uM,Sample,AGTCTGTACG,Current
PMMSq033,E08,E,8,human,MCF10A,2D-adherent,24,h,SN02373395,0.1,uM,Sample,ATAACGCCTC,Current
PMMSq033,E09,E,9,human,MCF10A,2D-adherent,24,h,SN02369838,10,uM,Sample,CAAGATGAGG,Current
PMMSq033,E10,E,10,human,MCF10A,2D-adherent,24,h,SN02375187,1,uM,Sample,CAAGTGGATC,Current
PMMSq033,E11,E,11,human,MCF10A,2D-adherent,24,h,SN02369838,0.1,uM,Sample,CCGCGTTATG,Current
PMMSq033,E12,E,12,human,MCF10A,2D-adherent,24,h,Paclitaxel,0.1,uM,Sample,CCGGAGTATC,Current
PMMSq033,E13,E,13,human,MCF10A,2D-adherent,24,h,Thapsigargin,0.1,uM,Sample,CGGCAACTTA,Current
PMMSq033,E14,E,14,human,MCF10A,2D-adherent,24,h,SN01004272,10,uM,Sample,CGGTCGTATT,Current
PMMSq033,E15,E,15,human,MCF10A,2D-adherent,24,h,SN02370733,0.1,uM,Sample,GAAGGATTAG,Current
PMMSq033,E16,E,16,human,MCF10A,2D-adherent,24,h,SN01004272,0.1,uM,Sample,GAATCTTCTC,Current
PMMSq033,E17,E,17,human,MCF10A,2D-adherent,24,h,SN02373723,1,uM,Sample,GCATCCGATC,Current
PMMSq033,E18,E,18,human,MCF10A,2D-adherent,24,h,SN01005060,1,uM,Sample,GCCACGATTC,Current
PMMSq033,E19,E,19,human,MCF10A,2D-adherent,24,h,SN02370003,10,uM,Sample,GTATTGTGGA,Current
PMMSq033,E20,E,20,human,MCF10A,2D-adherent,24,h,SN01731255,10,uM,Sample,GTCCTTCGGT,Current
PMMSq033,E21,E,21,human,MCF10A,2D-adherent,24,h,SN02370003,0.1,uM,Sample,TATCGTTACG,Current
PMMSq033,E22,E,22,human,MCF10A,2D-adherent,24,h,SN01731255,0.1,uM,Sample,TCACAGATAC,Current
PMMSq033,E23,E,23,human,MCF10A,2D-adherent,24,h,Media,0,uM,Vehicle_control,TGGAATGGAG,Current
PMMSq033,E24,E,24,human,CART,suspension,24,h,CART_Low,NA,uM,Sample,TGTGACGTGC,Trial
PMMSq033,F01,F,1,human,NA,NA,24,h,NA,NA,uM,NA,AACCGGAAGG,Trial
PMMSq033,F02,F,2,human,MCF10A,2D-adherent,24,h,Paclitaxel,10,uM,Sample,AACCTAGTCC,Current
PMMSq033,F03,F,3,human,MCF10A,2D-adherent,24,h,SN01004272,10,uM,Sample,ACAACCATAC,Current
PMMSq033,F04,F,4,human,MCF10A,2D-adherent,24,h,SN02370733,0.1,uM,Sample,ACAAGCGCGA,Current
PMMSq033,F05,F,5,human,MCF10A,2D-adherent,24,h,SN01004272,0.1,uM,Sample,ACTTCATCAC,Current
PMMSq033,F06,F,6,human,MCF10A,2D-adherent,24,h,SN02373723,1,uM,Sample,ACTTCTCCTG,Current
PMMSq033,F07,F,7,human,MCF10A,2D-adherent,24,h,SN01005060,1,uM,Sample,AGTGCAATGT,Current
PMMSq033,F08,F,8,human,MCF10A,2D-adherent,24,h,SN02370003,10,uM,Sample,ATAAGAGGTC,Current
PMMSq033,F09,F,9,human,MCF10A,2D-adherent,24,h,SN01731255,10,uM,Sample,CAAGCCAACG,Current
PMMSq033,F10,F,10,human,MCF10A,2D-adherent,24,h,SN02370003,0.1,uM,Sample,CACAGTTCAT,Current
PMMSq033,F11,F,11,human,MCF10A,2D-adherent,24,h,SN01731255,0.1,uM,Sample,CCGCTAGCTT,Current
PMMSq033,F12,F,12,human,MCF10A,2D-adherent,24,h,DMSO,0,uM,Vehicle_control,CCGGCCAATT,Current
PMMSq033,F13,F,13,human,MCF10A,2D-adherent,24,h,DMSO,0,uM,Vehicle_control,CGGCTCATCA,Current
PMMSq033,F14,F,14,human,MCF10A,2D-adherent,24,h,SN02370554,0.1,uM,Sample,CGGTGACATC,Current
PMMSq033,F15,F,15,human,MCF10A,2D-adherent,24,h,SN01004614,10,uM,Sample,GAATCGAGCC,Current
PMMSq033,F16,F,16,human,MCF10A,2D-adherent,24,h,SN02373395,1,uM,Sample,GAATTACGGC,Current
PMMSq033,F17,F,17,human,MCF10A,2D-adherent,24,h,SN01004614,0.1,uM,Sample,GCCAAGTACA,Current
PMMSq033,F18,F,18,human,MCF10A,2D-adherent,24,h,SN02375187,10,uM,Sample,GCCATAGGTT,Current
PMMSq033,F19,F,19,human,MCF10A,2D-adherent,24,h,SN01731107,1,uM,Sample,GTCCGCATCA,Current
PMMSq033,F20,F,20,human,MCF10A,2D-adherent,24,h,SN02375187,0.1,uM,Sample,GTCGCTCTCT,Current
PMMSq033,F21,F,21,human,MCF10A,2D-adherent,24,h,SN02369838,10,uM,Sample,TCAAGTGCAG,Current
PMMSq033,F22,F,22,human,MCF10A,2D-adherent,24,h,Media,0,uM,Vehicle_control,TCACCGCCTA,Current
PMMSq033,F23,F,23,human,MCF10A,2D-adherent,24,h,SN02369838,0.1,uM,Sample,TGTCATTCGC,Current
PMMSq033,F24,F,24,human,NA,NA,24,h,NA,NA,uM,NA,TGTGCACTAA,Trial
PMMSq033,G01,G,1,human,KL476,3D_co_culture,24,h,CART_Medium,NA,uM,Sample,AACCTCATAG,Trial
PMMSq033,G02,G,2,human,MCF10A,2D-adherent,24,h,DMSO,0,uM,Vehicle_control,AACTCTACAC,Current
PMMSq033,G03,G,3,human,MCF10A,2D-adherent,24,h,Media,0,uM,Vehicle_control,ACACAATCTC,Current
PMMSq033,G04,G,4,human,MCF10A,2D-adherent,24,h,SN02370554,1,uM,Sample,ACACCGAATT,Current
PMMSq033,G05,G,5,human,MCF10A,2D-adherent,24,h,Media,0,uM,Vehicle_control,ACTTGAGGAA,Current
PMMSq033,G06,G,6,human,MCF10A,2D-adherent,24,h,SN02373395,10,uM,Sample,AGAACCACGG,Current
PMMSq033,G07,G,7,human,MCF10A,2D-adherent,24,h,Media,0,uM,Vehicle_control,ATAAGGTGCA,Current
PMMSq033,G08,G,8,human,MCF10A,2D-adherent,24,h,SN02373395,0.1,uM,Sample,ATACCTCCGG,Current
PMMSq033,G09,G,9,human,MCF10A,2D-adherent,24,h,Media,0,uM,Vehicle_control,CACGAGTCTG,Current
PMMSq033,G10,G,10,human,MCF10A,2D-adherent,24,h,SN02375187,1,uM,Sample,CACTGAGCAC,Current
PMMSq033,G11,G,11,human,MCF10A,2D-adherent,24,h,Media,0,uM,Vehicle_control,CCGGTCTCTA,Current
PMMSq033,G12,G,12,human,MCF10A,2D-adherent,24,h,DMSO,0,uM,Vehicle_control,CCGTCAGAAC,Current
PMMSq033,G13,G,13,human,MCF10A,2D-adherent,24,h,Paclitaxel,1,uM,Sample,CGTAACGGAT,Current
PMMSq033,G14,G,14,human,MCF10A,2D-adherent,24,h,SN01004272,10,uM,Sample,CGTACTGTAA,Current
PMMSq033,G15,G,15,human,MCF10A,2D-adherent,24,h,Media,0,uM,Vehicle_control,GACCATCTAA,Current
PMMSq033,G16,G,16,human,MCF10A,2D-adherent,24,h,SN01004272,0.1,uM,Sample,GAGAACGAAG,Current
PMMSq033,G17,G,17,human,MCF10A,2D-adherent,24,h,Media,0,uM,Vehicle_control,GCCATATCGA,Current
PMMSq033,G18,G,18,human,MCF10A,2D-adherent,24,h,SN01005060,1,uM,Sample,GCCTGGACAT,Current
PMMSq033,G19,G,19,human,MCF10A,2D-adherent,24,h,Media,0,uM,Vehicle_control,GTCGGTGACA,Current
PMMSq033,G20,G,20,human,MCF10A,2D-adherent,24,h,SN01731255,10,uM,Sample,GTCTCTTAAG,Current
PMMSq033,G21,G,21,human,MCF10A,2D-adherent,24,h,Media,0,uM,Vehicle_control,TCACGCCACT,Current
PMMSq033,G22,G,22,human,MCF10A,2D-adherent,24,h,SN01731255,0.1,uM,Sample,TCATTGTCCA,Current
PMMSq033,G23,G,23,human,MCF10A,2D-adherent,24,h,Media,0,uM,Vehicle_control,TGTGCTTCAG,Current
PMMSq033,G24,G,24,human,CART,suspension,24,h,CART_Medium,NA,uM,Sample,TGTTGTGACT,Trial
PMMSq033,H01,H,1,human,KL476,3D_co_culture,24,h,CART_Medium,NA,uM,Sample,AACGTAAGCT,Trial
PMMSq033,H02,H,2,human,MCF10A,2D-adherent,24,h,Thapsigargin,0.1,uM,Sample,AACTGTGTCA,Current
PMMSq033,H03,H,3,human,MCF10A,2D-adherent,24,h,SN01004569,10,uM,Sample,ACACAGTGAA,Current
PMMSq033,H04,H,4,human,MCF10A,2D-adherent,24,h,Media,0,uM,Vehicle_control,ACACGCAGTA,Current
PMMSq033,H05,H,5,human,MCF10A,2D-adherent,24,h,SN01004569,0.1,uM,Sample,ACTTGTAAGG,Current
PMMSq033,H06,H,6,human,MCF10A,2D-adherent,24,h,Media,0,uM,Vehicle_control,AGAAGCAATC,Current
PMMSq033,H07,H,7,human,MCF10A,2D-adherent,24,h,SN01005979,1,uM,Sample,ATACACGACA,Current
PMMSq033,H08,H,8,human,MCF10A,2D-adherent,24,h,Media,0,uM,Vehicle_control,ATAGCAGTGC,Current
PMMSq033,H09,H,9,human,MCF10A,2D-adherent,24,h,SN02369800,10,uM,Sample,CACGCTCCAA,Current
PMMSq033,H10,H,10,human,MCF10A,2D-adherent,24,h,Media,0,uM,Vehicle_control,CAGATCAATG,Current
PMMSq033,H11,H,11,human,MCF10A,2D-adherent,24,h,SN02369800,0.1,uM,Sample,CCGTACGATG,Current
PMMSq033,H12,H,12,human,MCF10A,2D-adherent,24,h,DMSO,0,uM,Vehicle_control,CCTAGACACG,Current
PMMSq033,H13,H,13,human,MCF10A,2D-adherent,24,h,DMSO,0,uM,Vehicle_control,CGTAAGATTC,Current
PMMSq033,H14,H,14,human,MCF10A,2D-adherent,24,h,SN02370728,0.1,uM,Sample,CGTAGAAGAC,Current
PMMSq033,H15,H,15,human,MCF10A,2D-adherent,24,h,Media,0,uM,Vehicle_control,GACGACCACA,Current
PMMSq033,H16,H,16,human,MCF10A,2D-adherent,24,h,SN02373400,1,uM,Sample,GAGACAAGGC,Current
PMMSq033,H17,H,17,human,MCF10A,2D-adherent,24,h,Media,0,uM,Vehicle_control,GCCGTCAATA,Current
PMMSq033,H18,H,18,human,MCF10A,2D-adherent,24,h,SN02373365,10,uM,Sample,GCGTAATTAC,Current
PMMSq033,H19,H,19,human,MCF10A,2D-adherent,24,h,Media,0,uM,Vehicle_control,GTCTCGAGTG,Current
PMMSq033,H20,H,20,human,MCF10A,2D-adherent,24,h,SN02373365,0.1,uM,Sample,GTCTTCCGAG,Current
PMMSq033,H21,H,21,human,MCF10A,2D-adherent,24,h,Media,0,uM,Vehicle_control,TCACGTTGGC,Current
PMMSq033,H22,H,22,human,MCF10A,2D-adherent,24,h,Media,0,uM,Vehicle_control,TCCACACTAG,Current
PMMSq033,H23,H,23,human,MCF10A,2D-adherent,24,h,Media,0,uM,Vehicle_control,TGTTCAGGAT,Current
PMMSq033,H24,H,24,human,CART,suspension,24,h,CART_Medium,NA,uM,Sample,TTAACGCTGA,Trial
PMMSq033,I01,I,1,human,KL476,3D_co_culture,24,h,CART_Medium,NA,uM,Sample,AAGACGGATT,Trial
PMMSq033,I02,I,2,human,MCF10A,2D-adherent,24,h,SN01004569,1,uM,Sample,AAGATGTCCA,Current
PMMSq033,I03,I,3,human,MCF10A,2D-adherent,24,h,SN02370314,1,uM,Sample,ACACGGTCCT,Current
PMMSq033,I04,I,4,human,MCF10A,2D-adherent,24,h,SN01005979,10,uM,Sample,ACAGTGCCAA,Current
PMMSq033,I05,I,5,human,MCF10A,2D-adherent,24,h,SN02371010,10,uM,Sample,AGACCGTTAT,Current
PMMSq033,I06,I,6,human,MCF10A,2D-adherent,24,h,SN01005979,0.1,uM,Sample,AGAGATGCAG,Current
PMMSq033,I07,I,7,human,MCF10A,2D-adherent,24,h,SN02371010,0.1,uM,Sample,ATAGGCCATT,Current
PMMSq033,I08,I,8,human,MCF10A,2D-adherent,24,h,SN02369800,1,uM,Sample,ATCAGCACTT,Current
PMMSq033,I09,I,9,human,MCF10A,2D-adherent,24,h,SN02375077,1,uM,Sample,CAGTGCTCTT,Current
PMMSq033,I10,I,10,human,MCF10A,2D-adherent,24,h,SN02370728,10,uM,Sample,CATAGCTATC,Current
PMMSq033,I11,I,11,human,MCF10A,2D-adherent,24,h,Thapsigargin,10,uM,Sample,CCTAGTTGAG,Current
PMMSq033,I12,I,12,human,MCF10A,2D-adherent,24,h,Staurosporine,0.1,uM,Positive_control,CCTCAACCGA,Current
PMMSq033,I13,I,13,human,MCF10A,2D-adherent,24,h,SN02370728,1,uM,Sample,CGTCCTAGGA,Current
PMMSq033,I14,I,14,human,MCF10A,2D-adherent,24,h,SN01004236,1,uM,Sample,CGTGAGTTAT,Current
PMMSq033,I15,I,15,human,MCF10A,2D-adherent,24,h,SN02373400,10,uM,Sample,GAGACATCTT,Current
PMMSq033,I16,I,16,human,MCF10A,2D-adherent,24,h,SN01004734,10,uM,Sample,GAGTAGACCA,Current
PMMSq033,I17,I,17,human,MCF10A,2D-adherent,24,h,SN02373400,0.1,uM,Sample,GCTATTATCC,Current
PMMSq033,I18,I,18,human,MCF10A,2D-adherent,24,h,SN01004734,0.1,uM,Sample,GCTGCTTATA,Current
PMMSq033,I19,I,19,human,MCF10A,2D-adherent,24,h,SN02373365,1,uM,Sample,GTGACTATAC,Current
PMMSq033,I20,I,20,human,MCF10A,2D-adherent,24,h,SN01731137,1,uM,Sample,GTGTGCCTGT,Current
PMMSq033,I21,I,21,human,MCF10A,2D-adherent,24,h,Staurosporine,10,uM,Positive_control,TCCACGGTCA,Current
PMMSq033,I22,I,22,human,MCF10A,2D-adherent,24,h,SN02370314,10,uM,Sample,TCCGACTAAC,Current
PMMSq033,I23,I,23,human,MCF10A,2D-adherent,24,h,DMSO,0,uM,Vehicle_control,TTACACACGT,Current
PMMSq033,I24,I,24,human,CART,suspension,24,h,CART_Medium,NA,uM,Sample,TTATAGGAGG,Trial
PMMSq033,J01,J,1,human,KL476,3D_co_culture,24,h,CART_Medium,NA,uM,Sample,AAGATCGGCG,Trial
PMMSq033,J02,J,2,human,MCF10A,2D-adherent,24,h,SN01004236,1,uM,Sample,AAGCATATGG,Current
PMMSq033,J03,J,3,human,MCF10A,2D-adherent,24,h,SN02370728,1,uM,Sample,ACACTTGCTG,Current
PMMSq033,J04,J,4,human,MCF10A,2D-adherent,24,h,SN01004734,10,uM,Sample,ACATGTGTGC,Current
PMMSq033,J05,J,5,human,MCF10A,2D-adherent,24,h,SN02373400,10,uM,Sample,AGACTAGCAT,Current
PMMSq033,J06,J,6,human,MCF10A,2D-adherent,24,h,SN01004734,0.1,uM,Sample,AGAGCTTACA,Current
PMMSq033,J07,J,7,human,MCF10A,2D-adherent,24,h,SN02373400,0.1,uM,Sample,ATATCCGCAT,Current
PMMSq033,J08,J,8,human,MCF10A,2D-adherent,24,h,SN01731137,1,uM,Sample,ATCAGCGAGG,Current
PMMSq033,J09,J,9,human,MCF10A,2D-adherent,24,h,SN02373365,1,uM,Sample,CAGTTAAGCA,Current
PMMSq033,J10,J,10,human,MCF10A,2D-adherent,24,h,SN02370314,10,uM,Sample,CATCACCACC,Current
PMMSq033,J11,J,11,human,MCF10A,2D-adherent,24,h,Paclitaxel,0.1,uM,Sample,CCTATTCTGT,Current
PMMSq033,J12,J,12,human,MCF10A,2D-adherent,24,h,DMSO,0,uM,Vehicle_control,CCTCCATAAG,Current
PMMSq033,J13,J,13,human,MCF10A,2D-adherent,24,h,SN02370314,0.1,uM,Sample,CGTCGGCAAT,Current
PMMSq033,J14,J,14,human,MCF10A,2D-adherent,24,h,SN01004569,1,uM,Sample,CGTGTCAAGC,Current
PMMSq033,J15,J,15,human,MCF10A,2D-adherent,24,h,SN02371010,1,uM,Sample,GAGCGAGTCA,Current
PMMSq033,J16,J,16,human,MCF10A,2D-adherent,24,h,SN01005979,10,uM,Sample,GATACGCTTA,Current
PMMSq033,J17,J,17,human,MCF10A,2D-adherent,24,h,SN02375077,10,uM,Sample,GCTCAGTAAT,Current
PMMSq033,J18,J,18,human,MCF10A,2D-adherent,24,h,SN01005979,0.1,uM,Sample,GGAATAAGCA,Current
PMMSq033,J19,J,19,human,MCF10A,2D-adherent,24,h,SN02375077,0.1,uM,Sample,GTGGTTAATG,Current
PMMSq033,J20,J,20,human,MCF10A,2D-adherent,24,h,SN02369800,1,uM,Sample,GTGTGTGTCC,Current
PMMSq033,J21,J,21,human,MCF10A,2D-adherent,24,h,Paclitaxel,10,uM,Sample,TCCACTCGCT,Current
PMMSq033,J22,J,22,human,MCF10A,2D-adherent,24,h,SN02370728,10,uM,Sample,TCCGTTATCT,Current
PMMSq033,J23,J,23,human,MCF10A,2D-adherent,24,h,Staurosporine,1,uM,Positive_control,TTACTGTGAC,Current
PMMSq033,J24,J,24,human,CART,suspension,24,h,CART_Medium,NA,uM,Sample,TTATCGCGTT,Trial
PMMSq033,K01,K,1,human,NA,NA,24,h,NA,NA,uM,NA,AAGCGATGTT,Trial
PMMSq033,K02,K,2,human,MCF10A,2D-adherent,24,h,SN01004614,1,uM,Sample,AAGCTCACCT,Current
PMMSq033,K03,K,3,human,MCF10A,2D-adherent,24,h,SN02370314,1,uM,Sample,ACCAGGACCA,Current
PMMSq033,K04,K,4,human,MCF10A,2D-adherent,24,h,SN01731107,10,uM,Sample,ACCGAACCGT,Current
PMMSq033,K05,K,5,human,MCF10A,2D-adherent,24,h,SN02371010,10,uM,Sample,AGAGTGTAAC,Current
PMMSq033,K06,K,6,human,MCF10A,2D-adherent,24,h,SN01731107,0.1,uM,Sample,AGATAGTGCT,Current
PMMSq033,K07,K,7,human,MCF10A,2D-adherent,24,h,SN02371010,0.1,uM,Sample,ATCCAATACG,Current
PMMSq033,K08,K,8,human,MCF10A,2D-adherent,24,h,SN02369838,1,uM,Sample,ATCCGTCCAT,Current
PMMSq033,K09,K,9,human,MCF10A,2D-adherent,24,h,SN02375077,1,uM,Sample,CATGTACGCC,Current
PMMSq033,K10,K,10,human,MCF10A,2D-adherent,24,h,SN02370733,10,uM,Sample,CATTCGACGA,Current
PMMSq033,K11,K,11,human,MCF10A,2D-adherent,24,h,DMSO,0,uM,Vehicle_control,CCTGATGCCA,Current
PMMSq033,K12,K,12,human,MCF10A,2D-adherent,24,h,Media,0,uM,Vehicle_control,CCTTGTATTC,Current
PMMSq033,K13,K,13,human,MCF10A,2D-adherent,24,h,SN02370733,1,uM,Sample,CTAACTTCAG,Current
PMMSq033,K14,K,14,human,MCF10A,2D-adherent,24,h,SN01004236,1,uM,Sample,CTACACCAGG,Current
PMMSq033,K15,K,15,human,MCF10A,2D-adherent,24,h,SN02373723,10,uM,Sample,GATAGACTGT,Current
PMMSq033,K16,K,16,human,MCF10A,2D-adherent,24,h,SN01004734,10,uM,Sample,GATAGGTCAA,Current
PMMSq033,K17,K,17,human,MCF10A,2D-adherent,24,h,SN02373723,0.1,uM,Sample,GGACGATGCT,Current
PMMSq033,K18,K,18,human,MCF10A,2D-adherent,24,h,SN01004734,0.1,uM,Sample,GGCATTATTG,Current
PMMSq033,K19,K,19,human,MCF10A,2D-adherent,24,h,SN02370003,1,uM,Sample,GTTCATTGCC,Current
PMMSq033,K20,K,20,human,MCF10A,2D-adherent,24,h,SN01731137,1,uM,Sample,GTTCGTCGAA,Current
PMMSq033,K21,K,21,human,MCF10A,2D-adherent,24,h,Thapsigargin,1,uM,Sample,TCCTAAGAGA,Current
PMMSq033,K22,K,22,human,MCF10A,2D-adherent,24,h,SN02370314,10,uM,Sample,TCGAAGCATT,Current
PMMSq033,K23,K,23,human,MCF10A,2D-adherent,24,h,DMSO,0,uM,Vehicle_control,TTATGCCGCG,Current
PMMSq033,K24,K,24,human,NA,NA,24,h,NA,NA,uM,NA,TTCAGGAGTA,Trial
PMMSq033,L01,L,1,human,KL476,3D_co_culture,24,h,CART_Medium_Dostar,NA,uM,Sample,AAGCGTTCAG,Trial
PMMSq033,L02,L,2,human,MCF10A,2D-adherent,24,h,SN01004272,1,uM,Sample,AAGGCATGCG,Current
PMMSq033,L03,L,3,human,MCF10A,2D-adherent,24,h,SN02370733,1,uM,Sample,ACCATAACAC,Current
PMMSq033,L04,L,4,human,MCF10A,2D-adherent,24,h,SN01005060,10,uM,Sample,ACCGAGAGTC,Current
PMMSq033,L05,L,5,human,MCF10A,2D-adherent,24,h,SN02373723,10,uM,Sample,AGAGTTCTGC,Current
PMMSq033,L06,L,6,human,MCF10A,2D-adherent,24,h,SN01005060,0.1,uM,Sample,AGCAATGCGC,Current
PMMSq033,L07,L,7,human,MCF10A,2D-adherent,24,h,SN02373723,0.1,uM,Sample,ATCCGCTGTG,Current
PMMSq033,L08,L,8,human,MCF10A,2D-adherent,24,h,SN01731255,1,uM,Sample,ATCGACGGCT,Current
PMMSq033,L09,L,9,human,MCF10A,2D-adherent,24,h,SN02370003,1,uM,Sample,CATTACACTG,Current
PMMSq033,L10,L,10,human,MCF10A,2D-adherent,24,h,SN02370554,10,uM,Sample,CCAACTATGG,Current
PMMSq033,L11,L,11,human,MCF10A,2D-adherent,24,h,DMSO,0,uM,Vehicle_control,CCTGCAATAC,Current
PMMSq033,L12,L,12,human,MCF10A,2D-adherent,24,h,Paclitaxel,1,uM,Sample,CGAGATCTCT,Current
PMMSq033,L13,L,13,human,MCF10A,2D-adherent,24,h,SN02370554,0.1,uM,Sample,CTAATAGCGT,Current
PMMSq033,L14,L,14,human,MCF10A,2D-adherent,24,h,SN01004614,1,uM,Sample,CTAGCACAAT,Current
PMMSq033,L15,L,15,human,MCF10A,2D-adherent,24,h,SN02373395,1,uM,Sample,GATAGAGGCG,Current
PMMSq033,L16,L,16,human,MCF10A,2D-adherent,24,h,SN01731107,10,uM,Sample,GATATCAGGA,Current
PMMSq033,L17,L,17,human,MCF10A,2D-adherent,24,h,SN02375187,10,uM,Sample,GGCATCGTGA,Current
PMMSq033,L18,L,18,human,MCF10A,2D-adherent,24,h,SN01731107,0.1,uM,Sample,GGCCGAGATT,Current
PMMSq033,L19,L,19,human,MCF10A,2D-adherent,24,h,SN02375187,0.1,uM,Sample,GTTCCGGTGA,Current
PMMSq033,L20,L,20,human,MCF10A,2D-adherent,24,h,SN02369838,1,uM,Sample,GTTGAATTGG,Current
PMMSq033,L21,L,21,human,MCF10A,2D-adherent,24,h,Paclitaxel,0.1,uM,Sample,TCCTCTAGTA,Current
PMMSq033,L22,L,22,human,MCF10A,2D-adherent,24,h,SN02370733,10,uM,Sample,TCGAGAGAGC,Current
PMMSq033,L23,L,23,human,MCF10A,2D-adherent,24,h,Paclitaxel,10,uM,Sample,TTCACGGAAG,Current
PMMSq033,L24,L,24,human,CART,suspension,24,h,CART_UltraHigh,NA,uM,Sample,TTCCATCGAG,Trial
PMMSq033,M01,M,1,human,KL476,3D_co_culture,24,h,CART_Medium_Dostar,NA,uM,Sample,AAGGTCTGGA,Trial
PMMSq033,M02,M,2,human,MCF10A,2D-adherent,24,h,SN01004614,1,uM,Sample,AAGTTCCTTG,Current
PMMSq033,M03,M,3,human,MCF10A,2D-adherent,24,h,SN02370554,1,uM,Sample,ACCGGTACAG,Current
PMMSq033,M04,M,4,human,MCF10A,2D-adherent,24,h,SN01731107,10,uM,Sample,ACCTCCGACA,Current
PMMSq033,M05,M,5,human,MCF10A,2D-adherent,24,h,SN02373395,10,uM,Sample,AGCATGTCAT,Current
PMMSq033,M06,M,6,human,MCF10A,2D-adherent,24,h,SN01731107,0.1,uM,Sample,AGCCAGAATA,Current
PMMSq033,M07,M,7,human,MCF10A,2D-adherent,24,h,SN02373395,0.1,uM,Sample,ATCGCGATTA,Current
PMMSq033,M08,M,8,human,MCF10A,2D-adherent,24,h,SN02369838,1,uM,Sample,ATCTAAGGAG,Current
PMMSq033,M09,M,9,human,MCF10A,2D-adherent,24,h,SN02375187,1,uM,Sample,CCAAGGAGTT,Current
PMMSq033,M10,M,10,human,MCF10A,2D-adherent,24,h,SN02370733,10,uM,Sample,CCACAAGTGC,Current
PMMSq033,M11,M,11,human,MCF10A,2D-adherent,24,h,Thapsigargin,1,uM,Sample,CGAGGAACAA,Current
PMMSq033,M12,M,12,human,MCF10A,2D-adherent,24,h,DMSO,0,uM,Vehicle_control,CGATCCTGTG,Current
PMMSq033,M13,M,13,human,MCF10A,2D-adherent,24,h,SN02370733,1,uM,Sample,CTATGAACGG,Current
PMMSq033,M14,M,14,human,MCF10A,2D-adherent,24,h,SN01004272,1,uM,Sample,CTCACCTGTC,Current
PMMSq033,M15,M,15,human,MCF10A,2D-adherent,24,h,SN02373723,10,uM,Sample,GATCTCATTC,Current
PMMSq033,M16,M,16,human,MCF10A,2D-adherent,24,h,SN01005060,10,uM,Sample,GATGAGTGAC,Current
PMMSq033,M17,M,17,human,MCF10A,2D-adherent,24,h,SN02373723,0.1,uM,Sample,GGCGCTATAA,Current
PMMSq033,M18,M,18,human,MCF10A,2D-adherent,24,h,SN01005060,0.1,uM,Sample,GGCTATTGAT,Current
PMMSq033,M19,M,19,human,MCF10A,2D-adherent,24,h,SN02370003,1,uM,Sample,GTTGATCCGC,Current
PMMSq033,M20,M,20,human,MCF10A,2D-adherent,24,h,SN01731255,1,uM,Sample,TAACCGTAGC,Current
PMMSq033,M21,M,21,human,MCF10A,2D-adherent,24,h,DMSO,0,uM,Vehicle_control,TCGCACTTGA,Current
PMMSq033,M22,M,22,human,MCF10A,2D-adherent,24,h,SN02370554,10,uM,Sample,TCGCGTAGCA,Current
PMMSq033,M23,M,23,human,MCF10A,2D-adherent,24,h,DMSO,0,uM,Vehicle_control,TTCGAGTGAT,Current
PMMSq033,M24,M,24,human,CART,suspension,24,h,CART_UltraHigh,NA,uM,Sample,TTGGCAATTC,Trial
PMMSq033,N01,N,1,human,KL476,3D_co_culture,24,h,CART_Medium_Dostar,NA,uM,Sample,AAGTTAGCGC,Trial
PMMSq033,N02,N,2,human,MCF10A,2D-adherent,24,h,SN01004272,1,uM,Sample,AATACCGGTA,Current
PMMSq033,N03,N,3,human,MCF10A,2D-adherent,24,h,Media,0,uM,Vehicle_control,ACCGTACTTC,Current
PMMSq033,N04,N,4,human,MCF10A,2D-adherent,24,h,SN01005060,10,uM,Sample,ACCTCTCTCC,Current
PMMSq033,N05,N,5,human,MCF10A,2D-adherent,24,h,Media,0,uM,Vehicle_control,AGCCACTAGC,Current
PMMSq033,N06,N,6,human,MCF10A,2D-adherent,24,h,SN01005060,0.1,uM,Sample,AGCCAGCTCT,Current
PMMSq033,N07,N,7,human,MCF10A,2D-adherent,24,h,Media,0,uM,Vehicle_control,ATCGGTAGGC,Current
PMMSq033,N08,N,8,human,MCF10A,2D-adherent,24,h,SN01731255,1,uM,Sample,ATGACGGTAA,Current
PMMSq033,N09,N,9,human,MCF10A,2D-adherent,24,h,Media,0,uM,Vehicle_control,CCAATTGTTC,Current
PMMSq033,N10,N,10,human,MCF10A,2D-adherent,24,h,SN02370554,10,uM,Sample,CCAGCTTAGT,Current
PMMSq033,N11,N,11,human,MCF10A,2D-adherent,24,h,Thapsigargin,0.1,uM,Sample,CGATAACCGC,Current
PMMSq033,N12,N,12,human,MCF10A,2D-adherent,24,h,Staurosporine,10,uM,Positive_control,CGCCAACCAT,Current
PMMSq033,N13,N,13,human,MCF10A,2D-adherent,24,h,SN02370554,0.1,uM,Sample,CTCAAGGACC,Current
PMMSq033,N14,N,14,human,MCF10A,2D-adherent,24,h,Media,0,uM,Vehicle_control,CTCCTATTGT,Current
PMMSq033,N15,N,15,human,MCF10A,2D-adherent,24,h,SN02373395,1,uM,Sample,GATCTGGTCG,Current
PMMSq033,N16,N,16,human,MCF10A,2D-adherent,24,h,Media,0,uM,Vehicle_control,GATGGATACA,Current
PMMSq033,N17,N,17,human,MCF10A,2D-adherent,24,h,SN02375187,10,uM,Sample,GGCGTTAAGT,Current
PMMSq033,N18,N,18,human,MCF10A,2D-adherent,24,h,Media,0,uM,Vehicle_control,GGCTGCTACT,Current
PMMSq033,N19,N,19,human,MCF10A,2D-adherent,24,h,SN02375187,0.1,uM,Sample,GTTGTATGCT,Current
PMMSq033,N20,N,20,human,MCF10A,2D-adherent,24,h,Media,0,uM,Vehicle_control,TAACGTCGAT,Current
PMMSq033,N21,N,21,human,MCF10A,2D-adherent,24,h,Thapsigargin,10,uM,Sample,TCGCCTACTG,Current
PMMSq033,N22,N,22,human,MCF10A,2D-adherent,24,h,Media,0,uM,Vehicle_control,TCGGCGTTAA,Current
PMMSq033,N23,N,23,human,MCF10A,2D-adherent,24,h,Staurosporine,0.1,uM,Positive_control,TTCTGTACCT,Current
PMMSq033,N24,N,24,human,CART,suspension,24,h,CART_UltraHigh,NA,uM,Sample,TTGGCTCCAC,Trial
PMMSq033,O01,O,1,human,KL476,3D_co_culture,24,h,CART_Medium_Dostar,NA,uM,Sample,AATAGCCACA,Trial
PMMSq033,O02,O,2,human,MCF10A,2D-adherent,24,h,Media,0,uM,Vehicle_control,AATCCATCTG,Current
PMMSq033,O03,O,3,human,MCF10A,2D-adherent,24,h,SN02370728,1,uM,Sample,ACCTGTCCGA,Current
PMMSq033,O04,O,4,human,MCF10A,2D-adherent,24,h,Media,0,uM,Vehicle_control,ACGAATGACA,Current
PMMSq033,O05,O,5,human,MCF10A,2D-adherent,24,h,SN02373400,10,uM,Sample,AGCGATAACG,Current
PMMSq033,O06,O,6,human,MCF10A,2D-adherent,24,h,Media,0,uM,Vehicle_control,AGCTATTCCA,Current
PMMSq033,O07,O,7,human,MCF10A,2D-adherent,24,h,SN02373400,0.1,uM,Sample,ATGACTCAGT,Current
PMMSq033,O08,O,8,human,MCF10A,2D-adherent,24,h,Media,0,uM,Vehicle_control,ATGCGGACTG,Current
PMMSq033,O09,O,9,human,MCF10A,2D-adherent,24,h,SN02373365,1,uM,Sample,CCATAACTTG,Current
PMMSq033,O10,O,10,human,MCF10A,2D-adherent,24,h,Media,0,uM,Vehicle_control,CCATAGATCA,Current
PMMSq033,O11,O,11,human,MCF10A,2D-adherent,24,h,Staurosporine,1,uM,Positive_control,CGCCAGTGTT,Current
PMMSq033,O12,O,12,human,MCF10A,2D-adherent,24,h,DMSO,0,uM,Vehicle_control,CGCGGATTCA,Current
PMMSq033,O13,O,13,human,MCF10A,2D-adherent,24,h,Media,0,uM,Vehicle_control,CTCGCAACGT,Current
PMMSq033,O14,O,14,human,MCF10A,2D-adherent,24,h,SN01004569,1,uM,Sample,CTGGATTGAC,Current
PMMSq033,O15,O,15,human,MCF10A,2D-adherent,24,h,Media,0,uM,Vehicle_control,GATGTGACAG,Current
PMMSq033,O16,O,16,human,MCF10A,2D-adherent,24,h,SN01005979,10,uM,Sample,GATTGCACGC,Current
PMMSq033,O17,O,17,human,MCF10A,2D-adherent,24,h,Media,0,uM,Vehicle_control,GGTAATGTGT,Current
PMMSq033,O18,O,18,human,MCF10A,2D-adherent,24,h,SN01005979,0.1,uM,Sample,GGTGTTCACC,Current
PMMSq033,O19,O,19,human,MCF10A,2D-adherent,24,h,Media,0,uM,Vehicle_control,TAAGGTACGG,Current
PMMSq033,O20,O,20,human,MCF10A,2D-adherent,24,h,SN02369800,1,uM,Sample,TACTACCGCC,Current
PMMSq033,O21,O,21,human,MCF10A,2D-adherent,24,h,Paclitaxel,1,uM,Sample,TCTACATCCG,Current
PMMSq033,O22,O,22,human,MCF10A,2D-adherent,24,h,SN02370728,10,uM,Sample,TCTCTCCTAT,Current
PMMSq033,O23,O,23,human,MCF10A,2D-adherent,24,h,Media,0,uM,Vehicle_control,TTGGTAACAG,Current
PMMSq033,O24,O,24,human,CART,suspension,24,h,CART_UltraHigh,NA,uM,Sample,TTGTCGGCCA,Trial
PMMSq033,P01,P,1,human,NA,NA,24,h,NA,NA,uM,NA,AATCACGCGA,Trial
PMMSq033,P02,P,2,human,NA,NA,24,h,NA,NA,uM,NA,AATCCGCTCC,Trial
PMMSq033,P03,P,3,human,NA,NA,24,h,NA,NA,uM,NA,ACCTTATGTG,Trial
PMMSq033,P04,P,4,human,NA,NA,24,h,NA,NA,uM,NA,ACGCCTCAAC,Trial
PMMSq033,P05,P,5,human,CART,suspension,24,h,CART_Low,NA,uM,Sample,AGCGTACAAT,Trial
PMMSq033,P06,P,6,human,CART,suspension,24,h,CART_Low,NA,uM,Sample,AGCTCCTCAG,Trial
PMMSq033,P07,P,7,human,CART,suspension,24,h,CART_Low,NA,uM,Sample,ATGCACCGGA,Trial
PMMSq033,P08,P,8,human,CART,suspension,24,h,CART_Low,NA,uM,Sample,ATGCTTCCTA,Trial
PMMSq033,P09,P,9,human,CART,suspension,24,h,CART_UltraHigh,NA,uM,Sample,CCATACTGAC,Trial
PMMSq033,P10,P,10,human,CART,suspension,24,h,CART_UltraHigh,NA,uM,Sample,CCATGTGCTT,Trial
PMMSq033,P11,P,11,human,CART,suspension,24,h,CART_UltraHigh,NA,uM,Sample,CGCCTTGTAC,Trial
PMMSq033,P12,P,12,human,CART,suspension,24,h,CART_UltraHigh,NA,uM,Sample,CGCTTAAGGC,Trial
PMMSq033,P13,P,13,human,CART,suspension,24,h,UTD_Low,NA,uM,Sample,CTCGTGCCTA,Trial
PMMSq033,P14,P,14,human,CART,suspension,24,h,UTD_Low,NA,uM,Sample,CTGTAGTCAG,Trial
PMMSq033,P15,P,15,human,CART,suspension,24,h,UTD_Low,NA,uM,Sample,GATTAAGTCC,Trial
PMMSq033,P16,P,16,human,CART,suspension,24,h,UTD_Low,NA,uM,Sample,GCAAGCGAAT,Trial
PMMSq033,P17,P,17,human,CART,suspension,24,h,UTD_Medium,NA,uM,Sample,GGTGGTTGGA,Trial
PMMSq033,P18,P,18,human,CART,suspension,24,h,UTD_Medium,NA,uM,Sample,GGTTAGATCT,Trial
PMMSq033,P19,P,19,human,CART,suspension,24,h,UTD_Medium,NA,uM,Sample,TACGGACATA,Trial
PMMSq033,P20,P,20,human,CART,suspension,24,h,UTD_Medium,NA,uM,Sample,TACTGTCAAG,Trial
PMMSq033,P21,P,21,human,CART,suspension,24,h,UTD_UltraHigh,NA,uM,Sample,TCTCCACATT,Trial
PMMSq033,P22,P,22,human,CART,suspension,24,h,UTD_UltraHigh,NA,uM,Sample,TCTTGCTCGG,Trial
PMMSq033,P23,P,23,human,CART,suspension,24,h,UTD_UltraHigh,NA,uM,Sample,TTGGTCAGTA,Trial
PMMSq033,P24,P,24,human,CART,suspension,24,h,UTD_UltraHigh,NA,uM,Sample,TTGTGTTCGA,Trial